time_bucket_30s,start_sec,end_sec,start_label,end_label,time_range,danmaku_count
0,0,30,00:00,00:30,00:00-00:30,889
720,720,750,12:00,12:30,12:00-12:30,410
1710,1710,1740,28:30,29:00,28:30-29:00,300
90,90,120,01:30,02:00,01:30-02:00,226
30,30,60,00:30,01:00,00:30-01:00,211
690,690,720,11:30,12:00,11:30-12:00,205
420,420,450,07:00,07:30,07:00-07:30,180
60,60,90,01:00,01:30,01:00-01:30,158
120,120,150,02:00,02:30,02:00-02:30,104
1650,1650,1680,27:30,28:00,27:30-28:00,103
